id,name,openrank,gender,country,region,age,weight(kg),height(cm),22.1Score(reps),22.1Rank,22.2Score,22.2Rank,22.3Score,22.3Rank,QFrank,weight,height,QFOneScore,QFOneRank,QFTwoScore,QFTwoRank,QFThreeScore,QFThreeRank,QFFourScore(lbs),QFFourRank,QFFiveScore,QFFiveRank,semi-ranking
807114,Kenzie Nolte,276,F,United States,North America,26,,,325,391,09:38,397,06:56,573,279,,,10:28,813,12:44,522,18:19,510,637,242,04:28,250,1852.2600000000002
128857,Jessica Schwartz,830,F,United States,North America,24,60.0,163.0,287,2388,09:59,746,06:51,533,254,132 lb,64 in,09:43,613,10:05,139,17:53,379,585,737,04:40,327,1876.9069999999997
297735,Danielle Kearns,627,F,United States,North America,28,78.0,170.0,300,1480,199 reps,776,06:55,564,264,172 lb,67 in,11:16,1065,13:20,615,17:57,403,674,87,03:54,79,1846.532
543986,Rachel Thibodeaux,450,F,United States,North America,29,61.0,160.0,309,754,191 reps,1289,05:29,71,197,135 lb,63 in,08:11,242,09:48,116,19:08,773,612,429,04:31,281,1448.7720000000002
34715,Hayley Murillo,409,F,United States,North America,35,76.0,175.0,309,754,09:45,502,07:09,714,131,168 lb,69 in,09:44,618,10:44,210,17:27,283,646,187,03:53,73,1145.386
908246,Faith Ferguson,37,F,United States,North America,21,68.0,160.0,340,113,08:47,74,05:14,39,62,150 lb,63 in,07:03,73,11:00,243,17:45,353,693,48,03:52,70,587.455
546042,Mary Helen Saunders,110,F,United States,North America,30,64.0,163.0,332,199,09:18,205,05:57,175,103,142 lb,64 in,07:36,146,10:58,239,16:58,186,619,378,04:21,214,939.0640000000001
585046,Baylee Rayl,55,F,United States,North America,26,,,349,67,09:19,213,04:55,15,73,,,07:00,69,07:23,7,16:14,93,597,578,04:08,141,720.3919999999999
1604740,Claire Truax,158,F,United States,North America,18,68.0,168.0,331,227,09:39,411,05:53,156,212,150 lb,66 in,10:07,721,10:07,145,17:01,192,590,668,04:25,236,1573.465
530860,Shelby Neal,51,F,United States,North America,22,64.0,157.0,345,82,08:58,110,05:38,93,78,140 lb,62 in,08:10,238,09:35,96,17:41,333,668,109,04:09,144,698.3810000000001
528823,Taylor Babb,746,F,United States,North America,21,64.0,163.0,312,667,192 reps,1207,08:08,1427,223,140 lb,64 in,07:03,73,13:07,573,18:18,505,600,544,04:38,318,1726.798
40756,Kelly Clark,393,F,United States,North America,35,66.0,163.0,331,227,189 reps,1475,06:05,225,46,145 lb,64 in,07:55,202,09:05,69,17:08,211,686,58,04:06,126,577.262
160700,Jordan Adcock,823,F,United States,North America,30,64.0,168.0,316,554,181 reps,2498,06:58,594,215,140 lb,66 in,09:00,431,10:58,239,17:53,379,595,601,04:39,322,1682.556
106580,Lydia Schaake,1396,F,United States,North America,32,,,272,3938,195 reps,993,07:33,968,143,,,08:19,271,11:34,328,18:22,534,656,146,04:21,214,1399.9370000000001
154472,Samantha Petrich,441,F,United States,North America,32,66.0,,311,695,194 reps,1050,06:26,339,144,145 lb,,08:12,247,09:58,127,17:13,229,623,350,05:12,541,1264.727
1200461,Gabrielle Spenst,291,F,Canada,North America,24,73.0,170.0,331,227,09:29,310,07:27,896,171,162 lb,67 in,09:23,533,13:44,693,15:57,69,633,273,03:53,73,1380.0799999999997
349097,Danielle Brandon,56,F,United States,North America,26,68.0,170.0,332,199,08:53,92,04:40,5,6,150 lb,170 cm,05:29,5,08:18,25,15:11,20,670,103,03:16,7,139.789
1651610,Marisa Flowers,44,F,United States,North America,31,49.0,147.0,344,90,09:11,164,04:40,5,140,108 lb,58 in,05:23,3,10:09,151,18:27,560,609,458,04:32,284,1105.795
113169,Megan O'Donnell,421,F,United States,North America,33,68.0,163.0,300,1480,09:08,150,06:33,382,161,150 lb,64 in,07:44,173,12:46,529,17:15,235,615,397,04:31,281,1366.3360000000002
873895,Kyra Milligan,165,F,United States,North America,25,61.0,,327,357,09:26,274,06:02,203,188,135 lb,,08:06,226,09:45,107,19:51,1090,691,51,04:29,256,1260.691
555277,Rebecca Fuselier,60,F,United States,North America,22,57.0,157.0,360,35,09:25,264,04:50,10,105,125 lb,62 in,06:13,22,08:55,60,16:55,180,593,633,04:33,287,947.9199999999998
168305,Brooke Wells,5,F,United States,North America,27,68.0,168.0,363,21,07:56,6,04:56,16,13,150 lb,66 in,06:00,13,09:41,102,15:22,28,670,103,03:31,22,214.654
1441210,Sydney Michalyshen,48,F,Canada,North America,22,69.0,168.0,343,95,09:03,133,05:17,50,27,153 lb,168 cm,08:12,247,07:56,17,15:44,51,695,42,03:34,27,306.195
1418811,Emma Gardner,153,F,United States,North America,19,63.0,,330,285,09:34,357,05:50,138,129,138 lb,,06:43,50,10:04,137,18:37,613,624,340,04:21,214,1036.509
703638,Kacey Wells,108,F,United States,North America,26,60.0,152.0,330,285,08:40,53,06:06,231,83,133 lb,60 in,06:40,46,10:20,164,16:31,122,627,309,04:42,343,812.388
252266,Leah Irons,157,F,United States,North America,30,64.0,163.0,332,199,09:09,154,06:40,439,97,140 lb,64 in,08:29,302,09:58,127,16:09,82,616,394,04:21,214,932.591
1405029,Keara Napoli,273,F,United States,North America,23,73.0,168.0,315,578,09:34,357,06:36,403,122,162 lb,66 in,08:43,367,13:35,665,16:50,163,695,42,03:50,64,1075.9620000000002
510714,Lindsey Porter,505,F,United States,North America,22,68.0,170.0,307,825,193 reps,1125,06:36,403,63,150 lb,67 in,08:06,226,11:04,258,16:25,112,670,103,03:59,99,725.6039999999999
251823,Callerina Key,1215,F,United States,North America,32,73.0,175.0,285,2534,184 reps,2045,06:59,610,218,160 lb,69 in,10:20,787,14:12,773,17:58,405,744,8,03:30,20,1743.2690000000002
857531,Taylor Reber,269,F,United States,North America,28,,,330,285,197 reps,861,05:57,175,168,,,09:07,456,14:03,753,17:02,199,661,135,03:58,95,1327.49
